N,MPI_Processes,OpenMP_Threads,Total_Threads,Serial_Overall,MPI_Overall,Hybrid_Computational,Hybrid_Overall,Serial_Speedup,MPI_Speedup
50000000,4,1,4,0.929664,0.601901,0.166850,0.514069,1.808442,1.170856
50000000,4,2,8,0.929664,0.601901,0.114871,0.442981,2.098654,1.358751
50000000,4,4,16,0.929664,0.601901,0.076057,0.466136,1.994405,1.291256
50000000,4,8,32,0.929664,0.601901,0.064823,0.395138,2.352758,1.523268
60000000,4,1,4,1.226970,0.644224,0.240657,0.685467,1.789977,0.939832
60000000,4,2,8,1.226970,0.644224,0.155919,0.539729,2.273308,1.193606
60000000,4,4,16,1.226970,0.644224,0.087971,0.490413,2.501912,1.313636
60000000,4,8,32,1.226970,0.644224,0.080908,0.472834,2.594928,1.362474
70000000,4,1,4,1.480018,0.785532,0.286670,0.727115,2.035466,1.080341
70000000,4,2,8,1.480018,0.785532,0.191699,0.665749,2.223087,1.179922
70000000,4,4,16,1.480018,0.785532,0.114179,0.544435,2.718448,1.442839
70000000,4,8,32,1.480018,0.785532,0.095021,0.549707,2.692376,1.429001
80000000,4,1,4,1.764504,0.947774,0.355372,0.967117,1.824499,0.979999
80000000,4,2,8,1.764504,0.947774,0.223916,0.820154,2.151430,1.155605
80000000,4,4,16,1.764504,0.947774,0.145309,0.741224,2.380527,1.278661
80000000,4,8,32,1.764504,0.947774,0.110731,0.710108,2.484839,1.334690
90000000,4,1,4,2.189250,1.001945,0.417764,0.962676,2.274130,1.040792
90000000,4,2,8,2.189250,1.001945,0.258859,0.842376,2.598899,1.189427
90000000,4,4,16,2.189250,1.001945,0.156528,0.828522,2.642356,1.209316
90000000,4,8,32,2.189250,1.001945,0.130083,0.710818,3.079902,1.409566
100000000,4,1,4,2.411900,1.140675,0.466667,1.067116,2.260204,1.068933
100000000,4,2,8,2.411900,1.140675,0.303996,0.990838,2.434202,1.151223
100000000,4,4,16,2.411900,1.140675,0.223130,0.861072,2.801043,1.324715
100000000,4,8,32,2.411900,1.140675,0.144298,0.790401,3.051489,1.443160
110000000,4,1,4,2.271569,1.316485,0.479614,1.161715,1.955358,1.133225
110000000,4,2,8,2.271569,1.316485,0.339916,1.021119,2.224588,1.289257
110000000,4,4,16,2.271569,1.316485,0.247997,0.964358,2.355525,1.365141
110000000,4,8,32,2.271569,1.316485,0.159876,0.878717,2.585097,1.498190
120000000,4,1,4,2.637466,1.398686,0.553498,1.289059,2.046040,1.085044
120000000,4,2,8,2.637466,1.398686,0.372440,1.163701,2.266446,1.201929
120000000,4,4,16,2.637466,1.398686,0.276003,1.048759,2.514845,1.333658
120000000,4,8,32,2.637466,1.398686,0.178380,0.991051,2.661282,1.411316
130000000,4,1,4,2.982313,1.505481,0.637301,1.479092,2.016313,1.017841
130000000,4,2,8,2.982313,1.505481,0.427285,1.436069,2.076720,1.048335
130000000,4,4,16,2.982313,1.505481,0.320483,1.231364,2.421959,1.222612
130000000,4,8,32,2.982313,1.505481,0.207913,1.025949,2.906882,1.467403
140000000,4,1,4,3.118848,1.567416,0.716571,1.867351,1.670199,0.839379
140000000,4,2,8,3.118848,1.567416,0.450991,1.382380,2.256144,1.133853
140000000,4,4,16,3.118848,1.567416,0.343484,1.236721,2.521869,1.267397
140000000,4,8,32,3.118848,1.567416,0.229482,1.243260,2.508605,1.260731
150000000,4,1,4,3.093877,2.147417,0.774481,1.660469,1.863255,1.293259
150000000,4,2,8,3.093877,2.147417,0.488769,1.452658,2.129804,1.478267
150000000,4,4,16,3.093877,2.147417,0.380130,1.335289,2.317009,1.608204
150000000,4,8,32,3.093877,2.147417,0.255722,1.336508,2.314896,1.606737
160000000,4,1,4,3.705838,1.895269,0.758278,1.696055,2.184975,1.117457
160000000,4,2,8,3.705838,1.895269,0.535967,1.819341,2.036912,1.041734
160000000,4,4,16,3.705838,1.895269,0.452804,1.531952,2.419030,1.237160
160000000,4,8,32,3.705838,1.895269,0.307906,1.368815,2.707333,1.384606
170000000,4,1,4,3.972649,2.037036,0.923094,2.037848,1.949433,0.999602
170000000,4,2,8,3.972649,2.037036,0.579489,1.727677,2.299416,1.179061
170000000,4,4,16,3.972649,2.037036,0.531584,1.717978,2.312398,1.185717
170000000,4,8,32,3.972649,2.037036,0.356500,1.439483,2.759775,1.415116
180000000,4,1,4,4.098826,2.052508,0.818881,1.941706,2.110941,1.057064
180000000,4,2,8,4.098826,2.052508,0.655480,1.847124,2.219031,1.111191
180000000,4,4,16,4.098826,2.052508,0.514569,1.728498,2.371322,1.187452
180000000,4,8,32,4.098826,2.052508,0.386985,1.692265,2.422095,1.212876
190000000,4,1,4,3.909656,2.250461,0.859660,2.185863,1.788610,1.029553
190000000,4,2,8,3.909656,2.250461,0.697234,2.117001,1.846790,1.063042
190000000,4,4,16,3.909656,2.250461,0.585368,2.017468,1.937902,1.115488
190000000,4,8,32,3.909656,2.250461,0.472072,1.829994,2.136431,1.229764
200000000,4,1,4,4.233689,2.555214,0.936680,2.276455,1.859773,1.122453
200000000,4,2,8,4.233689,2.555214,0.687358,2.179825,1.942215,1.172211
200000000,4,4,16,4.233689,2.555214,0.624907,2.012146,2.104067,1.269895
200000000,4,8,32,4.233689,2.555214,0.462048,1.871186,2.262570,1.365559
210000000,4,1,4,4.692034,2.875639,1.020279,2.664046,1.761244,1.079425
210000000,4,2,8,4.692034,2.875639,0.815724,2.394593,1.959429,1.200888
210000000,4,4,16,4.692034,2.875639,0.691863,2.622379,1.789228,1.096576
210000000,4,8,32,4.692034,2.875639,0.636010,2.266016,2.070609,1.269029
220000000,4,1,4,4.452433,2.888324,1.145576,2.585922,1.721797,1.116942
220000000,4,2,8,4.452433,2.888324,0.793952,2.874548,1.548916,1.004792
220000000,4,4,16,4.452433,2.888324,0.726626,2.836306,1.569800,1.018340
220000000,4,8,32,4.452433,2.888324,0.728763,3.285669,1.355107,0.879067
230000000,4,1,4,4.844337,3.387354,1.179987,2.776376,1.744842,1.220063
230000000,4,2,8,4.844337,3.387354,0.806332,2.497546,1.939639,1.356273
230000000,4,4,16,4.844337,3.387354,0.737028,2.382740,2.033095,1.421621
230000000,4,8,32,4.844337,3.387354,0.621078,2.431233,1.992543,1.393266
240000000,4,1,4,5.537183,3.120536,1.175412,3.198413,1.731228,0.975651
240000000,4,2,8,5.537183,3.120536,0.832332,2.906478,1.905118,1.073649
240000000,4,4,16,5.537183,3.120536,0.781993,2.450206,2.259885,1.273581
240000000,4,8,32,5.537183,3.120536,0.637577,2.385645,2.321042,1.308047
250000000,4,1,4,5.106323,3.100448,1.189996,2.889225,1.767368,1.073107
250000000,4,2,8,5.106323,3.100448,0.879182,2.728767,1.871293,1.136208
250000000,4,4,16,5.106323,3.100448,0.756068,2.618193,1.950323,1.184194
250000000,4,8,32,5.106323,3.100448,0.699289,2.849330,1.792114,1.088132
260000000,4,1,4,6.017219,3.214809,1.206703,3.093165,1.945328,1.039327
260000000,4,2,8,6.017219,3.214809,0.901807,2.880519,2.088936,1.116052
260000000,4,4,16,6.017219,3.214809,0.860970,2.881144,2.088483,1.115810
260000000,4,8,32,6.017219,3.214809,0.726794,2.731182,2.203156,1.177076
270000000,4,1,4,6.122418,3.438232,1.316331,3.143259,1.947793,1.093843
270000000,4,2,8,6.122418,3.438232,0.948406,2.934358,2.086459,1.171715
270000000,4,4,16,6.122418,3.438232,0.888985,2.871761,2.131939,1.197256
270000000,4,8,32,6.122418,3.438232,0.733090,3.001428,2.039835,1.145532
280000000,4,1,4,6.075733,3.775333,1.442975,3.815594,1.592343,0.989448
280000000,4,2,8,6.075733,3.775333,1.057626,3.242780,1.873619,1.164227
280000000,4,4,16,6.075733,3.775333,0.894755,3.110074,1.953565,1.213905
280000000,4,8,32,6.075733,3.775333,0.819621,2.827772,2.148594,1.335091
290000000,4,1,4,6.766035,3.651501,1.484742,3.442202,1.965612,1.060804
290000000,4,2,8,6.766035,3.651501,1.027708,3.065702,2.207010,1.191082
290000000,4,4,16,6.766035,3.651501,0.939864,3.387169,1.997549,1.078039
290000000,4,8,32,6.766035,3.651501,0.858967,3.186829,2.123125,1.145810
300000000,4,1,4,6.267995,4.100115,1.665610,3.880796,1.615131,1.056514
300000000,4,2,8,6.267995,4.100115,1.177293,3.734258,1.678512,1.097973
300000000,4,4,16,6.267995,4.100115,1.029341,3.504404,1.788605,1.169989
300000000,4,8,32,6.267995,4.100115,0.891764,3.366099,1.862095,1.218061
310000000,4,1,4,7.047046,4.429886,1.555032,4.234022,1.664386,1.046260
310000000,4,2,8,7.047046,4.429886,1.225534,3.942095,1.787640,1.123739
310000000,4,4,16,7.047046,4.429886,1.101711,4.013975,1.755628,1.103616
310000000,4,8,32,7.047046,4.429886,0.954545,3.626837,1.943028,1.221419
320000000,4,1,4,6.965287,4.849456,1.830243,4.547485,1.531679,1.066404
320000000,4,2,8,6.965287,4.849456,1.262391,4.298528,1.620389,1.128167
320000000,4,4,16,6.965287,4.849456,1.194445,4.191164,1.661898,1.157067
320000000,4,8,32,6.965287,4.849456,1.030435,4.090683,1.702720,1.185488
330000000,4,1,4,6.125967,5.715652,1.837693,5.365308,1.141774,1.065298
330000000,4,2,8,6.125967,5.715652,1.343657,4.820569,1.270797,1.185680
330000000,4,4,16,6.125967,5.715652,1.195121,4.520804,1.355061,1.264300
330000000,4,8,32,6.125967,5.715652,1.040020,4.228090,1.448873,1.351828
340000000,4,1,4,7.355655,5.388904,1.856857,5.098440,1.442727,1.056971
340000000,4,2,8,7.355655,5.388904,1.360815,4.833830,1.521703,1.114831
340000000,4,4,16,7.355655,5.388904,1.179271,4.646351,1.583104,1.159814
340000000,4,8,32,7.355655,5.388904,1.065695,4.288317,1.715278,1.256648
